startDate	Radiant_Team	Radiant_Team_Rating	Radiant_Team_mu	Radiant_Team_phi	Radiant_Team_ratingSevenDaysAgo	Dire_Team	Dire_Team_Rating	Dire_Team_mu	Dire_Team_phi	Dire_Team_ratingSevenDaysAgo	Radiant_win
1659295421.0	Wolf Team	1515.6634046445174	1669.5075030434837	61.53763935958655	1517.8867663457115	Arkosh Gaming	1317.684881722824	1458.002085357694	56.12688145394801	1320.1260009071896	True
1659292231.0	Wolf Team	1515.6634046445174	1669.5075030434837	61.53763935958655	1517.8867663457115	Arkosh Gaming	1317.684881722824	1458.002085357694	56.12688145394801	1320.1260009071896	True
1659216648.0	5RATFORCESTAFF	1421.6807469629591	1569.8139457654345	59.25327952099013	1422.3481523083133	Eternity	1341.532441515316	1483.887421354165	56.94199193553971	1343.94936113109	True
1659211440.0	5RATFORCESTAFF	1421.6807469629591	1569.8139457654345	59.25327952099013	1422.3481523083133	Eternity	1341.532441515316	1483.887421354165	56.94199193553971	1343.94936113109	True
1659207869.0	Eternity	1341.532441515316	1483.887421354165	56.94199193553971	1343.94936113109	5RATFORCESTAFF	1421.6807469629591	1569.8139457654345	59.25327952099013	1422.3481523083133	True
1659197301.0	DogChamp	1490.8670832199336	1620.1103093371069	51.69729044686933	1493.5405626255993	KBU.US	1409.122581199642	1536.2329677349762	50.844154614133714	1401.173800727212	True
1659193536.0	KBU.US	1409.122581199642	1536.2329677349762	50.844154614133714	1401.173800727212	DogChamp	1490.8670832199336	1620.1103093371069	51.69729044686933	1493.5405626255993	False
1659112485.0	Arkosh Gaming	1320.1260009071896	1458.002085357694	55.15043378020184	1322.6111266828411	The Cut	1372.2696783611989	1506.2306404178337	53.5843848226539	1367.5014692534812	False
1659108180.0	The Cut	1372.2696783611989	1506.2306404178337	53.5843848226539	1367.5014692534812	Arkosh Gaming	1320.1260009071896	1458.002085357694	55.15043378020184	1322.6111266828411	True
1658862196.0	felt	1288.2415057232988	1436.8241996241122	59.43307756032541	1290.5509385069065	Dreamers Esports	1507.7224692088744	1679.3479798219832	68.6502042452435	1509.71212666341	True
1658858883.0	Dreamers Esports	1507.7224692088744	1679.3479798219832	68.6502042452435	1509.71212666341	felt	1288.2415057232988	1436.8241996241122	59.43307756032541	1290.5509385069065	False
1658853011.0	5RATFORCESTAFF	1421.6807469629591	1569.8139457654345	59.25327952099013	1422.3481523083133	5ManMidas	1247.9714472288324	1400.2565148818328	60.91402706120021	1250.2209827838035	True
1658848164.0	5RATFORCESTAFF	1421.6807469629591	1569.8139457654345	59.25327952099013	1422.3481523083133	5ManMidas	1247.9714472288324	1400.2565148818328	60.91402706120021	1250.2209827838035	True
1658781247.0	Wolf Team	1517.8867663457115	1669.5075030434837	60.64829467910875	1520.143220226743	nouns	1707.555572603079	1856.53378658524	59.591285592864	1711.0539352769056	False
1658776420.0	Wolf Team	1517.8867663457115	1669.5075030434837	60.64829467910875	1520.143220226743	nouns	1707.555572603079	1856.53378658524	59.591285592864	1711.0539352769056	True
1658772271.0	Wolf Team	1517.8867663457115	1669.5075030434837	60.64829467910875	1520.143220226743	nouns	1707.555572603079	1856.53378658524	59.591285592864	1711.0539352769056	False
1658766038.0	Arkosh Gaming	1320.1260009071896	1458.002085357694	55.15043378020184	1322.6111266828411	Eternity	1341.532441515316	1483.887421354165	56.94199193553971	1343.94936113109	True
1658762216.0	Eternity	1341.532441515316	1483.887421354165	56.94199193553971	1343.94936113109	Arkosh Gaming	1320.1260009071896	1458.002085357694	55.15043378020184	1322.6111266828411	False
1658617305.0	Hokori	1586.540318675769	1705.0490786190728	47.40350397732154	1589.4479044267102	Wildcard Gaming	1613.251180046011	1741.3247464137248	51.2294265470855	1615.9258472721042	True
1658613599.0	Wildcard Gaming	1613.251180046011	1741.3247464137248	51.2294265470855	1615.9258472721042	Hokori	1586.540318675769	1705.0490786190728	47.40350397732154	1589.4479044267102	False
1658359237.0	Dreamers Esports	1509.71212666341	1679.3479798219832	67.85434126342933	1511.725399420464	The Cut	1367.5014692534812	1502.868386449665	54.14676687847351	1370.0332525981837	False
1658355261.0	The Cut	1367.5014692534812	1502.868386449665	54.14676687847351	1370.0332525981837	Dreamers Esports	1509.71212666341	1679.3479798219832	67.85434126342933	1511.725399420464	True
1658279587.0	KBU.US	1401.173800727212	1531.9095396516525	52.2942955697761	1403.7981414886783	Wildcard Gaming	1613.251180046011	1741.3247464137248	51.2294265470855	1615.9258472721042	False
1658268171.0	nouns	1711.0539352769056	1875.600491209177	65.8186223729087	1713.1316798115345	DogChamp	1493.5405626255993	1620.1103093371069	50.627898684603046	1496.2717447941682	True
1658264531.0	DogChamp	1493.5405626255993	1620.1103093371069	50.627898684603046	1496.2717447941682	nouns	1711.0539352769056	1875.600491209177	65.8186223729087	1713.1316798115345	True
1658182426.0	Arkosh Gaming	1322.6111266828411	1458.002085357694	54.15638346994121	1325.1427284482584	Hokori	1586.540318675769	1705.0490786190728	47.40350397732154	1589.4479044267102	False
1658178407.0	Hokori	1586.540318675769	1705.0490786190728	47.40350397732154	1589.4479044267102	Arkosh Gaming	1322.6111266828411	1458.002085357694	54.15638346994121	1325.1427284482584	True
1658171400.0	felt	1290.5509385069065	1436.8241996241122	58.50930444688234	1292.8974234186344	Eternity	1343.94936113109	1483.887421354165	55.97522408923019	1346.4087644176248	False
1658167657.0	Eternity	1343.94936113109	1483.887421354165	55.97522408923019	1346.4087644176248	felt	1290.5509385069065	1436.8241996241122	58.50930444688234	1292.8974234186344	True
1658098627.0	Wildcard Gaming	1613.251180046011	1741.3247464137248	51.2294265470855	1615.9258472721042	Dreamers Esports	1509.71212666341	1679.3479798219832	67.85434126342933	1511.725399420464	True
1658095218.0	Dreamers Esports	1509.71212666341	1679.3479798219832	67.85434126342933	1511.725399420464	Wildcard Gaming	1613.251180046011	1741.3247464137248	51.2294265470855	1615.9258472721042	False
1658087996.0	KBU.US	1401.173800727212	1531.9095396516525	52.2942955697761	1403.7981414886783	felt	1290.5509385069065	1436.8241996241122	58.50930444688234	1292.8974234186344	True
1658084525.0	KBU.US	1401.173800727212	1531.9095396516525	52.2942955697761	1403.7981414886783	felt	1290.5509385069065	1436.8241996241122	58.50930444688234	1292.8974234186344	True
1657999696.0	5RATFORCESTAFF	1424.504158637812	1581.1656658057875	62.66460286719022	1385.9688161390943	Arkosh Gaming	1325.1427284482584	1458.002085357694	53.14374276377433	1335.1159691307998	False
1657994640.0	5RATFORCESTAFF	1424.504158637812	1581.1656658057875	62.66460286719022	1385.9688161390943	Arkosh Gaming	1325.1427284482584	1458.002085357694	53.14374276377433	1335.1159691307998	False
1657762141.0	Eternity	1346.4087644176248	1483.887421354165	54.991462774616224	1361.0922081760998	Hokori	1589.4479044267102	1705.0490786190728	46.24046967694501	1601.3120031949168	False
1657758503.0	Hokori	1589.4479044267102	1705.0490786190728	46.24046967694501	1601.3120031949168	Eternity	1346.4087644176248	1483.887421354165	54.991462774616224	1361.0922081760998	True
1657591653.0	The Cut	1370.0332525981837	1502.868386449665	53.1340535405925	1369.6117510410363	DogChamp	1496.2717447941682	1620.1103093371069	49.53542581717548	1497.1344997142355	False
1657586272.0	The Cut	1370.0332525981837	1502.868386449665	53.1340535405925	1369.6117510410363	DogChamp	1496.2717447941682	1620.1103093371069	49.53542581717548	1497.1344997142355	False
1648301634.0	Execration	1607.3236484298216	1725.465225778044	47.25663093928901	1605.5175128631777	TNC Predator	1626.9365896128584	1776.498251701756	59.8246648355591	1653.292992085904	False
1648297358.0	TNC Predator	1626.9365896128584	1776.498251701756	59.8246648355591	1653.292992085904	Execration	1607.3236484298216	1725.465225778044	47.25663093928901	1605.5175128631777	True
1648293249.0	Execration	1607.3236484298216	1725.465225778044	47.25663093928901	1605.5175128631777	TNC Predator	1626.9365896128584	1776.498251701756	59.8246648355591	1653.292992085904	True
1648033538.0	LBZS	1617.7116439085175	1769.8704192753376	60.86351014672797	1619.9652701692048	Execration	1607.3236484298216	1725.465225778044	47.25663093928901	1605.5175128631777	False
1648030775.0	LBZS	1617.7116439085175	1769.8704192753376	60.86351014672797	1619.9652701692048	Execration	1607.3236484298216	1725.465225778044	47.25663093928901	1605.5175128631777	False
1647941491.0	LBZS	1617.7116439085175	1769.8704192753376	60.86351014672797	1619.9652701692048	Yangon Galacticos	1527.3181180609165	1665.6582495490436	55.33605259525088	1529.8202226178514	True
1647938598.0	Yangon Galacticos	1527.3181180609165	1665.6582495490436	55.33605259525088	1529.8202226178514	LBZS	1617.7116439085175	1769.8704192753376	60.86351014672797	1619.9652701692048	True
1647934591.0	LBZS	1617.7116439085175	1769.8704192753376	60.86351014672797	1619.9652701692048	Yangon Galacticos	1527.3181180609165	1665.6582495490436	55.33605259525088	1529.8202226178514	True
1647930023.0	Execration	1607.3236484298216	1725.465225778044	47.25663093928901	1605.5175128631777	Lilgun 	1584.7161559832427	1709.727623126475	50.00458685729288	1570.8406444141813	False
1647925635.0	Execration	1607.3236484298216	1725.465225778044	47.25663093928901	1605.5175128631777	Lilgun 	1584.7161559832427	1709.727623126475	50.00458685729288	1570.8406444141813	False
1647595368.0	TNC Predator	1653.292992085904	1807.0911175517288	61.51925018633012	1655.5487080475436	Yangon Galacticos	1529.8202226178514	1665.6582495490436	54.33521077247686	1532.3692884871227	True
1647591393.0	Yangon Galacticos	1529.8202226178514	1665.6582495490436	54.33521077247686	1532.3692884871227	TNC Predator	1653.292992085904	1807.0911175517288	61.51925018633012	1655.5487080475436	False
1647422513.0	Lilgun 	1570.8406444141813	1696.9995531514137	50.46356349489293	1590.6722498707693	Yangon Galacticos	1529.8202226178514	1665.6582495490436	54.33521077247686	1532.3692884871227	False
1647418336.0	Yangon Galacticos	1529.8202226178514	1665.6582495490436	54.33521077247686	1532.3692884871227	Lilgun 	1570.8406444141813	1696.9995531514137	50.46356349489293	1590.6722498707693	False
1647336447.0	Execration	1605.5175128631777	1727.0955472130609	48.63121373995329	1616.4545009240078	Yangon Galacticos	1529.8202226178514	1665.6582495490436	54.33521077247686	1532.3692884871227	False
1647332550.0	Yangon Galacticos	1529.8202226178514	1665.6582495490436	54.33521077247686	1532.3692884871227	Execration	1605.5175128631777	1727.0955472130609	48.63121373995329	1616.4545009240078	False
1647152943.0	LBZS	1645.5865858160466	1805.41319230788	63.93064259673313	1647.7297373221254	Lilgun 	1590.6722498707693	1716.2907141385358	50.2473857071066	1593.423093192124	True
1647148442.0	Lilgun 	1590.6722498707693	1716.2907141385358	50.2473857071066	1593.423093192124	LBZS	1645.5865858160466	1805.41319230788	63.93064259673313	1647.7297373221254	True
1647131749.0	Hokori	1593.1305344893	1706.5724074373854	45.37674917923422	1596.166302780112	SG esports	1507.8169061536655	1662.5339274425878	61.88680851556887	1510.0325053513309	True
1647128516.0	SG esports	1507.8169061536655	1662.5339274425878	61.88680851556887	1510.0325053513309	Hokori	1593.1305344893	1706.5724074373854	45.37674917923422	1596.166302780112	False
1647125461.0	Hokori	1593.1305344893	1706.5724074373854	45.37674917923422	1596.166302780112	SG esports	1507.8169061536655	1662.5339274425878	61.88680851556887	1510.0325053513309	False
1647122698.0	SG esports	1507.8169061536655	1662.5339274425878	61.88680851556887	1510.0325053513309	Hokori	1593.1305344893	1706.5724074373854	45.37674917923422	1596.166302780112	False
1647119318.0	Hokori	1593.1305344893	1706.5724074373854	45.37674917923422	1596.166302780112	SG esports	1507.8169061536655	1662.5339274425878	61.88680851556887	1510.0325053513309	False
1647066253.0	Team Orca	1619.0904098636188	1755.091834914279	54.40057002026407	1621.6137492640937	LBZS	1645.5865858160466	1805.41319230788	63.93064259673313	1647.7297373221254	True
1647061421.0	Team Orca	1619.0904098636188	1755.091834914279	54.40057002026407	1621.6137492640937	LBZS	1645.5865858160466	1805.41319230788	63.93064259673313	1647.7297373221254	True
1646978643.0	LBZS	1645.5865858160466	1805.41319230788	63.93064259673313	1647.7297373221254	TNC Predator	1655.5487080475436	1807.0911175517288	60.61696380167425	1657.838511678777	False
1646975155.0	LBZS	1645.5865858160466	1805.41319230788	63.93064259673313	1647.7297373221254	TNC Predator	1655.5487080475436	1807.0911175517288	60.61696380167425	1657.838511678777	False
1646913935.0	Lilgun 	1590.6722498707693	1716.2907141385358	50.2473857071066	1593.423093192124	Execration	1616.4545009240078	1737.507893926014	48.4213572008025	1619.3123837944488	False
1646911018.0	Lilgun 	1590.6722498707693	1716.2907141385358	50.2473857071066	1593.423093192124	Execration	1616.4545009240078	1737.507893926014	48.4213572008025	1619.3123837944488	False
1646863727.0	SG esports	1507.8169061536655	1662.5339274425878	61.88680851556887	1510.0325053513309	Hokori	1593.1305344893	1706.5724074373854	45.37674917923422	1596.166302780112	False
1646859984.0	Hokori	1593.1305344893	1706.5724074373854	45.37674917923422	1596.166302780112	SG esports	1507.8169061536655	1662.5339274425878	61.88680851556887	1510.0325053513309	True
1646820243.0	TNC Predator	1655.5487080475436	1807.0911175517288	60.61696380167425	1657.838511678777	Lilgun 	1590.6722498707693	1716.2907141385358	50.2473857071066	1593.423093192124	False
1646816721.0	Lilgun 	1590.6722498707693	1716.2907141385358	50.2473857071066	1593.423093192124	TNC Predator	1655.5487080475436	1807.0911175517288	60.61696380167425	1657.838511678777	True
1646813216.0	Execration	1616.4545009240078	1737.507893926014	48.4213572008025	1619.3123837944488	LBZS	1645.5865858160466	1805.41319230788	63.93064259673313	1647.7297373221254	True
1646809929.0	Execration	1616.4545009240078	1737.507893926014	48.4213572008025	1619.3123837944488	LBZS	1645.5865858160466	1805.41319230788	63.93064259673313	1647.7297373221254	True
1646790101.0	Hokori	1593.1305344893	1706.5724074373854	45.37674917923422	1596.166302780112	Omega Gaming	1328.9324357745097	1520.106051176235	76.46944616069011	1330.7204975213522	True
1646785248.0	Omega Gaming	1328.9324357745097	1520.106051176235	76.46944616069011	1330.7204975213522	Hokori	1593.1305344893	1706.5724074373854	45.37674917923422	1596.166302780112	False
1646780912.0	Wildcard Gaming	1597.7661041619515	1721.3199309389895	49.42153071081519	1600.5446827607548	DogChamp	1377.2541151783555	1529.261465190041	60.802940004674085	1379.5047904452476	True
1646777119.0	4 Zoomers	1691.611821445867	1798.8480103269726	42.89447555244227	1691.2784187872987	5ManMidas	1160.2233698144985	1342.4465184363264	72.88925944873115	1162.0954182599548	True
1646776960.0	Wildcard Gaming	1597.7661041619515	1721.3199309389895	49.42153071081519	1600.5446827607548	DogChamp	1377.2541151783555	1529.261465190041	60.802940004674085	1379.5047904452476	True
1646773466.0	Wildcard Gaming	1597.7661041619515	1721.3199309389895	49.42153071081519	1600.5446827607548	DogChamp	1377.2541151783555	1529.261465190041	60.802940004674085	1379.5047904452476	True
1646773426.0	5ManMidas	1160.2233698144985	1342.4465184363264	72.88925944873115	1162.0954182599548	4 Zoomers	1691.611821445867	1798.8480103269726	42.89447555244227	1691.2784187872987	False
1646703138.0	DogChamp	1377.2541151783555	1529.261465190041	60.802940004674085	1379.5047904452476	5ManMidas	1160.2233698144985	1342.4465184363264	72.88925944873115	1162.0954182599548	True
1646699515.0	DogChamp	1377.2541151783555	1529.261465190041	60.802940004674085	1379.5047904452476	5ManMidas	1160.2233698144985	1342.4465184363264	72.88925944873115	1162.0954182599548	True
1646695760.0	4 Zoomers	1691.611821445867	1798.8480103269726	42.89447555244227	1691.2784187872987	Wildcard Gaming	1597.7661041619515	1721.3199309389895	49.42153071081519	1600.5446827607548	False
1646692448.0	Wildcard Gaming	1597.7661041619515	1721.3199309389895	49.42153071081519	1600.5446827607548	4 Zoomers	1691.611821445867	1798.8480103269726	42.89447555244227	1691.2784187872987	False
1646687965.0	Wildcard Gaming	1597.7661041619515	1721.3199309389895	49.42153071081519	1600.5446827607548	4 Zoomers	1691.611821445867	1798.8480103269726	42.89447555244227	1691.2784187872987	True
1646683781.0	The Cut	1391.2797928156774	1538.8640998720132	59.03372282253429	1393.5980950798198	4 Zoomers	1691.611821445867	1798.8480103269726	42.89447555244227	1691.2784187872987	False
1646680762.0	4 Zoomers	1691.611821445867	1798.8480103269726	42.89447555244227	1691.2784187872987	The Cut	1391.2797928156774	1538.8640998720132	59.03372282253429	1393.5980950798198	False
1646676126.0	The Cut	1391.2797928156774	1538.8640998720132	59.03372282253429	1393.5980950798198	4 Zoomers	1691.611821445867	1798.8480103269726	42.89447555244227	1691.2784187872987	False
1646651698.0	Team Orca	1619.0904098636188	1755.091834914279	54.40057002026407	1621.6137492640937	TNC Predator	1655.5487080475436	1807.0911175517288	60.61696380167425	1657.838511678777	True
1646647730.0	Team Orca	1619.0904098636188	1755.091834914279	54.40057002026407	1621.6137492640937	TNC Predator	1655.5487080475436	1807.0911175517288	60.61696380167425	1657.838511678777	True
1646553782.0	Yangon Galacticos	1534.9680635312204	1665.6582495490436	52.27607440712925	1541.95180968545	LBZS	1647.7297373221254	1805.41319230788	63.07338199430161	1649.9024215883132	True
1646550244.0	LBZS	1647.7297373221254	1805.41319230788	63.07338199430161	1649.9024215883132	Yangon Galacticos	1534.9680635312204	1665.6582495490436	52.27607440712925	1541.95180968545	True
1646521015.0	Omega Gaming	1330.7204975213522	1520.106051176235	75.7542214619532	1332.5256027265996	Gorillaz-Pride	1402.1772673530445	1574.8638590784622	69.07463669016711	1404.1574085730772	True
1646517096.0	Omega Gaming	1330.7204975213522	1520.106051176235	75.7542214619532	1332.5256027265996	Gorillaz-Pride	1402.1772673530445	1574.8638590784622	69.07463669016711	1404.1574085730772	False
1646514381.0	Omega Gaming	1330.7204975213522	1520.106051176235	75.7542214619532	1332.5256027265996	Gorillaz-Pride	1402.1772673530445	1574.8638590784622	69.07463669016711	1404.1574085730772	True
1646463532.0	Execration	1619.3123837944488	1737.507893926014	47.27820405262609	1572.0292748581485	TNC Predator	1657.838511678777	1807.0911175517288	59.70104234918093	1660.163996701291	False
1646460291.0	Execration	1619.3123837944488	1737.507893926014	47.27820405262609	1572.0292748581485	TNC Predator	1657.838511678777	1807.0911175517288	59.70104234918093	1660.163996701291	True
1646442590.0	Omega Gaming	1330.7204975213522	1520.106051176235	75.7542214619532	1332.5256027265996	SG esports	1510.0325053513309	1662.5339274425878	61.00056883650287	1512.2807717246635	False
1646440109.0	SG esports	1510.0325053513309	1662.5339274425878	61.00056883650287	1512.2807717246635	Omega Gaming	1330.7204975213522	1520.106051176235	75.7542214619532	1332.5256027265996	True
1646431204.0	Omega Gaming	1330.7204975213522	1520.106051176235	75.7542214619532	1332.5256027265996	Infinity	1500.9409660106846	1652.722878475339	60.71276498586173	1503.1952726572315	True
1646427830.0	Omega Gaming	1330.7204975213522	1520.106051176235	75.7542214619532	1332.5256027265996	Infinity	1500.9409660106846	1652.722878475339	60.71276498586173	1503.1952726572315	True
1646425196.0	Hokori	1596.166302780112	1706.5724074373854	44.162441862909326	1606.566343808237	SG esports	1510.0325053513309	1662.5339274425878	61.00056883650287	1512.2807717246635	True
1646421644.0	Hokori	1596.166302780112	1706.5724074373854	44.162441862909326	1606.566343808237	SG esports	1510.0325053513309	1662.5339274425878	61.00056883650287	1512.2807717246635	False
1646417076.0	SG esports	1510.0325053513309	1662.5339274425878	61.00056883650287	1512.2807717246635	Hokori	1596.166302780112	1706.5724074373854	44.162441862909326	1606.566343808237	False
1646373143.0	Lilgun 	1593.423093192124	1716.2907141385358	49.14704837856469	1587.8949583535373	Neon Esports	1673.9449727190945	1786.446736737392	45.00070560731909	1691.818897621292	True
1646370138.0	Lilgun 	1593.423093192124	1716.2907141385358	49.14704837856469	1587.8949583535373	Neon Esports	1673.9449727190945	1786.446736737392	45.00070560731909	1691.818897621292	True
1646300238.0	Execration	1619.3123837944488	1737.507893926014	47.27820405262609	1572.0292748581485	Neon Esports	1673.9449727190945	1786.446736737392	45.00070560731909	1691.818897621292	False
1646296110.0	Execration	1619.3123837944488	1737.507893926014	47.27820405262609	1572.0292748581485	Neon Esports	1673.9449727190945	1786.446736737392	45.00070560731909	1691.818897621292	False
1646205054.0	Team Orca	1621.6137492640937	1755.091834914279	53.39123426007418	1541.533019908827	Execration	1619.3123837944488	1737.507893926014	47.27820405262609	1572.0292748581485	False
1646200822.0	Team Orca	1621.6137492640937	1755.091834914279	53.39123426007418	1541.533019908827	Execration	1619.3123837944488	1737.507893926014	47.27820405262609	1572.0292748581485	True
1646177225.0	SG esports	1510.0325053513309	1662.5339274425878	61.00056883650287	1512.2807717246635	Gorillaz-Pride	1402.1772673530445	1574.8638590784622	69.07463669016711	1404.1574085730772	True
1646173254.0	SG esports	1510.0325053513309	1662.5339274425878	61.00056883650287	1512.2807717246635	Gorillaz-Pride	1402.1772673530445	1574.8638590784622	69.07463669016711	1404.1574085730772	True
1646168949.0	SG esports	1510.0325053513309	1662.5339274425878	61.00056883650287	1512.2807717246635	Gorillaz-Pride	1402.1772673530445	1574.8638590784622	69.07463669016711	1404.1574085730772	False
1645964742.0	Execration	1572.0292748581485	1696.51906561317	49.79591630200868	1552.8275447559067	Neon Esports	1691.818897621292	1804.8365151695727	45.2070470193124	1691.5353910238184	True
1645961074.0	Neon Esports	1691.818897621292	1804.8365151695727	45.2070470193124	1691.5353910238184	Execration	1572.0292748581485	1696.51906561317	49.79591630200868	1552.8275447559067	False
1645949655.0	Execration	1572.0292748581485	1696.51906561317	49.79591630200868	1552.8275447559067	Motivate.Trust Gaming	1618.1394078748333	1736.5175533404777	47.35125818625778	1631.1068549756285	True
1645945283.0	Execration	1572.0292748581485	1696.51906561317	49.79591630200868	1552.8275447559067	Motivate.Trust Gaming	1618.1394078748333	1736.5175533404777	47.35125818625778	1631.1068549756285	True
1645855258.0	Motivate.Trust Gaming	1618.1394078748333	1736.5175533404777	47.35125818625778	1631.1068549756285	Neon Esports	1691.818897621292	1804.8365151695727	45.2070470193124	1691.5353910238184	True
1645851604.0	Neon Esports	1691.818897621292	1804.8365151695727	45.2070470193124	1691.5353910238184	Motivate.Trust Gaming	1618.1394078748333	1736.5175533404777	47.35125818625778	1631.1068549756285	False
1645769388.0	LBZS	1649.9024215883132	1805.41319230788	62.20430828782644	1652.1058942319476	Lilgun 	1587.8949583535373	1722.016163532835	53.64848207171909	1574.7739240403434	False
1645765572.0	LBZS	1649.9024215883132	1805.41319230788	62.20430828782644	1652.1058942319476	Lilgun 	1587.8949583535373	1722.016163532835	53.64848207171909	1574.7739240403434	False
1645612559.0	Lilgun 	1587.8949583535373	1722.016163532835	53.64848207171909	1574.7739240403434	Execration	1572.0292748581485	1696.51906561317	49.79591630200868	1552.8275447559067	False
1645609868.0	Execration	1572.0292748581485	1696.51906561317	49.79591630200868	1552.8275447559067	Lilgun 	1587.8949583535373	1722.016163532835	53.64848207171909	1574.7739240403434	True
1645606091.0	Team Orca	1541.533019908827	1698.7392298174325	62.88248396344209	1492.509067414864	Neon Esports	1691.818897621292	1804.8365151695727	45.2070470193124	1691.5353910238184	True
1645601786.0	Neon Esports	1691.818897621292	1804.8365151695727	45.2070470193124	1691.5353910238184	Team Orca	1541.533019908827	1698.7392298174325	62.88248396344209	1492.509067414864	True
1645598211.0	LBZS	1649.9024215883132	1805.41319230788	62.20430828782644	1652.1058942319476	Motivate.Trust Gaming	1618.1394078748333	1736.5175533404777	47.35125818625778	1631.1068549756285	False
1645592842.0	LBZS	1649.9024215883132	1805.41319230788	62.20430828782644	1652.1058942319476	Motivate.Trust Gaming	1618.1394078748333	1736.5175533404777	47.35125818625778	1631.1068549756285	True
1645430948.0	Lilgun 	1587.8949583535373	1722.016163532835	53.64848207171909	1574.7739240403434	Motivate.Trust Gaming	1618.1394078748333	1736.5175533404777	47.35125818625778	1631.1068549756285	True
1645427634.0	Lilgun 	1587.8949583535373	1722.016163532835	53.64848207171909	1574.7739240403434	Motivate.Trust Gaming	1618.1394078748333	1736.5175533404777	47.35125818625778	1631.1068549756285	False
1645423789.0	LBZS	1649.9024215883132	1805.41319230788	62.20430828782644	1652.1058942319476	Neon Esports	1691.818897621292	1804.8365151695727	45.2070470193124	1691.5353910238184	True
1645419724.0	LBZS	1649.9024215883132	1805.41319230788	62.20430828782644	1652.1058942319476	Neon Esports	1691.818897621292	1804.8365151695727	45.2070470193124	1691.5353910238184	False
1645339123.0	Execration	1552.8275447559067	1679.7627706593023	50.77409036135836	1586.737496646684	Team Orca	1492.509067414864	1676.2233539267604	73.48571460475848	1417.5101674179054	False
1645335116.0	Execration	1552.8275447559067	1679.7627706593023	50.77409036135836	1586.737496646684	Team Orca	1492.509067414864	1676.2233539267604	73.48571460475848	1417.5101674179054	False
1645258540.0	Team Orca	1492.509067414864	1676.2233539267604	73.48571460475848	1417.5101674179054	Motivate.Trust Gaming	1631.1068549756285	1755.5953292146885	49.795389695623975	1659.989354789035	False
1645254587.0	Motivate.Trust Gaming	1631.1068549756285	1755.5953292146885	49.795389695623975	1659.989354789035	Team Orca	1492.509067414864	1676.2233539267604	73.48571460475848	1417.5101674179054	False
1645180297.0	Lilgun 	1574.7739240403434	1716.3828970683978	56.6435892112218	1485.5116070154554	Neon Esports	1691.5353910238184	1815.9586761709509	49.76931405885296	1694.3250291972245	False
1645176335.0	Lilgun 	1574.7739240403434	1716.3828970683978	56.6435892112218	1485.5116070154554	Neon Esports	1691.5353910238184	1815.9586761709509	49.76931405885296	1694.3250291972245	True
1645085233.0	Neon Esports	1691.5353910238184	1815.9586761709509	49.76931405885296	1694.3250291972245	phoenix gaming	1589.7951831250064	1752.1788515628134	64.9534673751228	1591.8986538068402	False
1645081305.0	phoenix gaming	1589.7951831250064	1752.1788515628134	64.9534673751228	1591.8986538068402	Neon Esports	1691.5353910238184	1815.9586761709509	49.76931405885296	1694.3250291972245	True
1645077640.0	Neon Esports	1691.5353910238184	1815.9586761709509	49.76931405885296	1694.3250291972245	phoenix gaming	1589.7951831250064	1752.1788515628134	64.9534673751228	1591.8986538068402	True
1645074424.0	phoenix gaming	1589.7951831250064	1752.1788515628134	64.9534673751228	1591.8986538068402	Neon Esports	1691.5353910238184	1815.9586761709509	49.76931405885296	1694.3250291972245	False
1645070870.0	Neon Esports	1691.5353910238184	1815.9586761709509	49.76931405885296	1694.3250291972245	phoenix gaming	1589.7951831250064	1752.1788515628134	64.9534673751228	1591.8986538068402	False
1645007034.0	LBZS	1652.1058942319476	1805.41319230788	61.32291923037272	1654.341502448754	Execration	1552.8275447559067	1679.7627706593023	50.77409036135836	1586.737496646684	False
1645004532.0	LBZS	1652.1058942319476	1805.41319230788	61.32291923037272	1654.341502448754	Execration	1552.8275447559067	1679.7627706593023	50.77409036135836	1586.737496646684	True
1644987259.0	Army Geniuses	1419.6069917977698	1549.1948770559784	51.8351541032835	1422.253552822334	phoenix gaming	1589.7951831250064	1752.1788515628134	64.9534673751228	1591.8986538068402	False
1644984565.0	phoenix gaming	1589.7951831250064	1752.1788515628134	64.9534673751228	1591.8986538068402	Army Geniuses	1419.6069917977698	1549.1948770559784	51.8351541032835	1422.253552822334	True
1644920456.0	LBZS	1652.1058942319476	1805.41319230788	61.32291923037272	1654.341502448754	Team Orca	1492.509067414864	1676.2233539267604	73.48571460475848	1417.5101674179054	False
1644917206.0	Team Orca	1492.509067414864	1676.2233539267604	73.48571460475848	1417.5101674179054	LBZS	1652.1058942319476	1805.41319230788	61.32291923037272	1654.341502448754	False
1644913102.0	Army Geniuses	1419.6069917977698	1549.1948770559784	51.8351541032835	1422.253552822334	Neon Esports	1691.5353910238184	1815.9586761709509	49.76931405885296	1694.3250291972245	False
1644908670.0	Neon Esports	1691.5353910238184	1815.9586761709509	49.76931405885296	1694.3250291972245	Army Geniuses	1419.6069917977698	1549.1948770559784	51.8351541032835	1422.253552822334	True
1644904992.0	Lilgun 	1574.7739240403434	1716.3828970683978	56.6435892112218	1485.5116070154554	Team Orca	1492.509067414864	1676.2233539267604	73.48571460475848	1417.5101674179054	True
1644902035.0	Polaris Esports	1648.4501561383115	1780.2125762409232	52.70496804104469	1612.5310587211247	phoenix gaming	1589.7951831250064	1752.1788515628134	64.9534673751228	1591.8986538068402	False
1644901575.0	Lilgun 	1574.7739240403434	1716.3828970683978	56.6435892112218	1485.5116070154554	Team Orca	1492.509067414864	1676.2233539267604	73.48571460475848	1417.5101674179054	False
1644898121.0	phoenix gaming	1589.7951831250064	1752.1788515628134	64.9534673751228	1591.8986538068402	Polaris Esports	1648.4501561383115	1780.2125762409232	52.70496804104469	1612.5310587211247	True
1644740598.0	Neon Esports	1694.3250291972245	1815.9586761709509	48.653458789490536	1697.1801668965306	Polaris Esports	1612.5310587211247	1750.678190866297	55.25885285806894	1610.750871932678	True
1644736526.0	Neon Esports	1694.3250291972245	1815.9586761709509	48.653458789490536	1697.1801668965306	Polaris Esports	1612.5310587211247	1750.678190866297	55.25885285806894	1610.750871932678	False
1644732609.0	Polaris Esports	1612.5310587211247	1750.678190866297	55.25885285806894	1610.750871932678	Neon Esports	1694.3250291972245	1815.9586761709509	48.653458789490536	1697.1801668965306	False
1644725440.0	phoenix gaming	1591.8986538068402	1752.1788515628134	64.11207910238925	1594.0300994018555	Army Geniuses	1422.253552822334	1549.1948770559784	50.77652969345779	1411.4201995751416	False
1644721762.0	Army Geniuses	1422.253552822334	1549.1948770559784	50.77652969345779	1411.4201995751416	phoenix gaming	1591.8986538068402	1752.1788515628134	64.11207910238925	1594.0300994018555	True
1644491716.0	Polaris Esports	1612.5310587211247	1750.678190866297	55.25885285806894	1610.750871932678	Army Geniuses	1422.253552822334	1549.1948770559784	50.77652969345779	1411.4201995751416	True
1644487223.0	Army Geniuses	1422.253552822334	1549.1948770559784	50.77652969345779	1411.4201995751416	Polaris Esports	1612.5310587211247	1750.678190866297	55.25885285806894	1610.750871932678	True
1644412027.0	Motivate.Trust Gaming	1659.989354789035	1788.183774209686	51.27776776826048	1641.455398994678	Neon Esports	1694.3250291972245	1815.9586761709509	48.653458789490536	1697.1801668965306	False
1644408251.0	Neon Esports	1694.3250291972245	1815.9586761709509	48.653458789490536	1697.1801668965306	Motivate.Trust Gaming	1659.989354789035	1788.183774209686	51.27776776826048	1641.455398994678	True
1644392100.0	Motivate.Trust Gaming	1659.989354789035	1788.183774209686	51.27776776826048	1641.455398994678	Polaris Esports	1612.5310587211247	1750.678190866297	55.25885285806894	1610.750871932678	True
1644388451.0	Polaris Esports	1612.5310587211247	1750.678190866297	55.25885285806894	1610.750871932678	Motivate.Trust Gaming	1659.989354789035	1788.183774209686	51.27776776826048	1641.455398994678	True
1644297423.0	phoenix gaming	1591.8986538068402	1752.1788515628134	64.11207910238925	1594.0300994018555	Yangon Galacticos	1449.7886960742185	1605.4297929850177	62.25643876431973	1437.8680944973712	False
1644293427.0	Yangon Galacticos	1449.7886960742185	1605.4297929850177	62.25643876431973	1437.8680944973712	phoenix gaming	1591.8986538068402	1752.1788515628134	64.11207910238925	1594.0300994018555	True
1644147643.0	Motivate.Trust Gaming	1641.455398994678	1771.5376595038088	52.03290420365232	1644.0997797661892	Yangon Galacticos	1437.8680944973712	1617.279010151336	71.76436626158595	1439.7885075555682	False
1644144924.0	Yangon Galacticos	1437.8680944973712	1617.279010151336	71.76436626158595	1439.7885075555682	Motivate.Trust Gaming	1641.455398994678	1771.5376595038088	52.03290420365232	1644.0997797661892	False
1644140104.0	Army Geniuses	1411.4201995751416	1544.9730139326866	53.42112574301798	1425.081311615828	Motivate.Trust Gaming	1641.455398994678	1771.5376595038088	52.03290420365232	1644.0997797661892	True
1644135995.0	Motivate.Trust Gaming	1641.455398994678	1771.5376595038088	52.03290420365232	1644.0997797661892	Army Geniuses	1411.4201995751416	1544.9730139326866	53.42112574301798	1425.081311615828	False
1644112920.0	Omega Gaming	1338.0482725377883	1520.106051176235	72.82311145537872	1339.9267752587048	SG esports	1519.2370607873406	1662.5339274425878	57.31874666209889	1521.6321210079268	True
1644109511.0	Omega Gaming	1338.0482725377883	1520.106051176235	72.82311145537872	1339.9267752587048	SG esports	1519.2370607873406	1662.5339274425878	57.31874666209889	1521.6321210079268	True
1644108569.0	Omega Gaming	1338.0482725377883	1520.106051176235	72.82311145537872	1339.9267752587048	SG esports	1519.2370607873406	1662.5339274425878	57.31874666209889	1521.6321210079268	True
1644103669.0	SG esports	1519.2370607873406	1662.5339274425878	57.31874666209889	1521.6321210079268	Omega Gaming	1338.0482725377883	1520.106051176235	72.82311145537872	1339.9267752587048	True
1644099363.0	Omega Gaming	1338.0482725377883	1520.106051176235	72.82311145537872	1339.9267752587048	SG esports	1519.2370607873406	1662.5339274425878	57.31874666209889	1521.6321210079268	False
1644095453.0	SG esports	1519.2370607873406	1662.5339274425878	57.31874666209889	1521.6321210079268	Omega Gaming	1338.0482725377883	1520.106051176235	72.82311145537872	1339.9267752587048	False
1644053200.0	Polaris Esports	1610.750871932678	1751.131731122067	56.1523436757556	1602.069995853534	Yangon Galacticos	1437.8680944973712	1617.279010151336	71.76436626158595	1439.7885075555682	False
1644049926.0	Yangon Galacticos	1437.8680944973712	1617.279010151336	71.76436626158595	1439.7885075555682	Polaris Esports	1610.750871932678	1751.131731122067	56.1523436757556	1602.069995853534	False
1644046852.0	Motivate.Trust Gaming	1641.455398994678	1771.5376595038088	52.03290420365232	1644.0997797661892	phoenix gaming	1594.0300994018555	1752.1788515628134	63.25950086438312	1596.1906666658724	False
1643877975.0	phoenix gaming	1594.0300994018555	1752.1788515628134	63.25950086438312	1596.1906666658724	Neon Esports	1697.1801668965306	1815.9586761709509	47.51140370976813	1700.10564662585	False
1643875223.0	Neon Esports	1697.1801668965306	1815.9586761709509	47.51140370976813	1700.10564662585	phoenix gaming	1594.0300994018555	1752.1788515628134	63.25950086438312	1596.1906666658724	True
1643840166.0	SG esports	1519.2370607873406	1662.5339274425878	57.31874666209889	1521.6321210079268	Omega Gaming	1338.0482725377883	1520.106051176235	72.82311145537872	1339.9267752587048	False
1643836023.0	Omega Gaming	1338.0482725377883	1520.106051176235	72.82311145537872	1339.9267752587048	SG esports	1519.2370607873406	1662.5339274425878	57.31874666209889	1521.6321210079268	True
1643793704.0	Army Geniuses	1411.4201995751416	1544.9730139326866	53.42112574301798	1425.081311615828	Neon Esports	1697.1801668965306	1815.9586761709509	47.51140370976813	1700.10564662585	True
1643790685.0	Neon Esports	1697.1801668965306	1815.9586761709509	47.51140370976813	1700.10564662585	Army Geniuses	1411.4201995751416	1544.9730139326866	53.42112574301798	1425.081311615828	False
1643705677.0	Neon Esports	1697.1801668965306	1815.9586761709509	47.51140370976813	1700.10564662585	Yangon Galacticos	1437.8680944973712	1617.279010151336	71.76436626158595	1439.7885075555682	False
1643702440.0	Yangon Galacticos	1437.8680944973712	1617.279010151336	71.76436626158595	1439.7885075555682	Neon Esports	1697.1801668965306	1815.9586761709509	47.51140370976813	1700.10564662585	False
1643621468.0	Polaris Esports	1610.750871932678	1751.131731122067	56.1523436757556	1602.069995853534	Neon Esports	1697.1801668965306	1815.9586761709509	47.51140370976813	1700.10564662585	True
1643617946.0	Neon Esports	1697.1801668965306	1815.9586761709509	47.51140370976813	1700.10564662585	Polaris Esports	1610.750871932678	1751.131731122067	56.1523436757556	1602.069995853534	True
1643527372.0	phoenix gaming	1596.1906666658724	1752.1788515628134	62.395273958776414	1598.38158291081	Polaris Esports	1602.069995853534	1744.5895283221062	57.00781298742884	1604.473324903692	False
1643524283.0	Polaris Esports	1602.069995853534	1744.5895283221062	57.00781298742884	1604.473324903692	phoenix gaming	1596.1906666658724	1752.1788515628134	62.395273958776414	1598.38158291081	True
1643419202.0	Omega Gaming	1339.9267752587048	1520.106051176235	72.07171036701207	1341.825070200795	SG esports	1521.6321210079268	1662.5339274425878	56.36072257386441	1524.0686028306486	True
1643415936.0	SG esports	1521.6321210079268	1662.5339274425878	56.36072257386441	1524.0686028306486	Omega Gaming	1339.9267752587048	1520.106051176235	72.07171036701207	1341.825070200795	False
1643151849.0	SG esports	1521.6321210079268	1662.5339274425878	56.36072257386441	1524.0686028306486	Hokori	1564.1754321715916	1689.756835581303	50.23256136388456	1555.9010208842992	True
1643146377.0	Hokori	1564.1754321715916	1689.756835581303	50.23256136388456	1555.9010208842992	SG esports	1521.6321210079268	1662.5339274425878	56.36072257386441	1524.0686028306486	False
1642593058.0	Lilgun 	1435.7459612551177	1599.9035848238502	65.66304942749305	1405.8023815372594	Army Geniuses	1427.637370383147	1559.212991269322	52.63024835446994	1417.0155134056736	True
1642589826.0	Army Geniuses	1427.637370383147	1559.212991269322	52.63024835446994	1417.0155134056736	Lilgun 	1435.7459612551177	1599.9035848238502	65.66304942749305	1405.8023815372594	False
1642242109.0	Lilgun 	1405.8023815372594	1575.9963262433816	68.07757788244892	1360.908572965414	Army Geniuses	1417.0155134056736	1548.5314535008365	52.60637603806517	1420.0112163264805	True
1642238538.0	Army Geniuses	1417.0155134056736	1548.5314535008365	52.60637603806517	1420.0112163264805	Lilgun 	1405.8023815372594	1575.9963262433816	68.07757788244892	1360.908572965414	False
1642233684.0	Lilgun 	1405.8023815372594	1575.9963262433816	68.07757788244892	1360.908572965414	Army Geniuses	1417.0155134056736	1548.5314535008365	52.60637603806517	1420.0112163264805	False
1641550141.0	Lilgun 	1360.908572965414	1543.3043386235536	72.95830626325575	1401.6649627445315	Army Geniuses	1420.0112163264805	1555.7381330717362	54.29076669810243	1422.537332136406	True
1641547256.0	Army Geniuses	1420.0112163264805	1555.7381330717362	54.29076669810243	1422.537332136406	Lilgun 	1360.908572965414	1543.3043386235536	72.95830626325575	1401.6649627445315	False
1641543393.0	Lilgun 	1360.908572965414	1543.3043386235536	72.95830626325575	1401.6649627445315	Army Geniuses	1420.0112163264805	1555.7381330717362	54.29076669810243	1422.537332136406	False
1641367332.0	Yangon Galacticos	1445.678648614972	1617.279010151336	68.6401446145456	1447.6874834310572	Army Geniuses	1420.0112163264805	1555.7381330717362	54.29076669810243	1422.537332136406	False
1641364386.0	Army Geniuses	1420.0112163264805	1555.7381330717362	54.29076669810243	1422.537332136406	Yangon Galacticos	1445.678648614972	1617.279010151336	68.6401446145456	1447.6874834310572	False
1641359794.0	Yangon Galacticos	1445.678648614972	1617.279010151336	68.6401446145456	1447.6874834310572	Army Geniuses	1420.0112163264805	1555.7381330717362	54.29076669810243	1422.537332136406	False
1641190892.0	Yangon Galacticos	1445.678648614972	1617.279010151336	68.6401446145456	1447.6874834310572	Army Geniuses	1420.0112163264805	1555.7381330717362	54.29076669810243	1422.537332136406	False
1641187807.0	Army Geniuses	1420.0112163264805	1555.7381330717362	54.29076669810243	1422.537332136406	Yangon Galacticos	1445.678648614972	1617.279010151336	68.6401446145456	1447.6874834310572	False
1641028311.0	phoenix gaming	1625.3836892262436	1810.105241874266	73.88862105920902	1627.2304994847364	Yangon Galacticos	1447.6874834310572	1617.279010151336	67.83661068811149	1449.720400133172	False
1641024490.0	Yangon Galacticos	1447.6874834310572	1617.279010151336	67.83661068811149	1449.720400133172	phoenix gaming	1625.3836892262436	1810.105241874266	73.88862105920902	1627.2304994847364	True
1641019016.0	Neptune Gaming	1724.7366729723306	1852.7573268216893	51.2082615397436	1727.4969487523922	Yangon Galacticos	1447.6874834310572	1617.279010151336	67.83661068811149	1449.720400133172	False
1641014016.0	Yangon Galacticos	1447.6874834310572	1617.279010151336	67.83661068811149	1449.720400133172	Neptune Gaming	1724.7366729723306	1852.7573268216893	51.2082615397436	1727.4969487523922	True
1640845230.0	Army Geniuses	1422.537332136406	1555.7381330717362	53.280320374132096	1425.1122902593231	Neptune Gaming	1724.7366729723306	1852.7573268216893	51.2082615397436	1727.4969487523922	False
1640841186.0	Neptune Gaming	1724.7366729723306	1852.7573268216893	51.2082615397436	1727.4969487523922	Army Geniuses	1422.537332136406	1555.7381330717362	53.280320374132096	1425.1122902593231	False
1640680009.0	Army Geniuses	1422.537332136406	1555.7381330717362	53.280320374132096	1425.1122902593231	phoenix gaming	1625.3836892262436	1810.105241874266	73.88862105920902	1627.2304994847364	True
1640675538.0	phoenix gaming	1625.3836892262436	1810.105241874266	73.88862105920902	1627.2304994847364	Army Geniuses	1422.537332136406	1555.7381330717362	53.280320374132096	1425.1122902593231	False
1640671751.0	Neptune Gaming	1724.7366729723306	1852.7573268216893	51.2082615397436	1727.4969487523922	phoenix gaming	1625.3836892262436	1810.105241874266	73.88862105920902	1627.2304994847364	False
1640668014.0	phoenix gaming	1625.3836892262436	1810.105241874266	73.88862105920902	1627.2304994847364	Neptune Gaming	1724.7366729723306	1852.7573268216893	51.2082615397436	1727.4969487523922	True
1640587472.0	Neptune Gaming	1724.7366729723306	1852.7573268216893	51.2082615397436	1727.4969487523922	Lilgun 	1401.6649627445315	1586.8845391336397	74.08783055564304	1403.5131208239404	True
1640581654.0	Lilgun 	1401.6649627445315	1586.8845391336397	74.08783055564304	1403.5131208239404	Neptune Gaming	1724.7366729723306	1852.7573268216893	51.2082615397436	1727.4969487523922	False
1640506468.0	Lilgun 	1403.5131208239404	1586.8845391336397	73.34856732387962	1405.380096686462	Army Geniuses	1425.1122902593231	1555.7381330717362	52.25033712496527	1424.0998249667464	False
1640503057.0	Army Geniuses	1425.1122902593231	1555.7381330717362	52.25033712496527	1424.0998249667464	Lilgun 	1403.5131208239404	1586.8845391336397	73.34856732387962	1405.380096686462	False
1640256181.0	phoenix gaming	1627.2304994847364	1810.105241874266	73.14989695581188	1629.0961515075733	Lilgun 	1403.5131208239404	1586.8845391336397	73.34856732387962	1405.380096686462	False
1640252361.0	Lilgun 	1403.5131208239404	1586.8845391336397	73.34856732387962	1405.380096686462	phoenix gaming	1627.2304994847364	1810.105241874266	73.14989695581188	1629.0961515075733	False
1638109280.0	BOOM Esports	1813.392610154899	1937.0406742674672	49.4592256450273	1816.162201041979	Motivate.Trust Gaming	1653.1409072445638	1780.066152702088	50.7700981830097	1655.8494253661795	True
1638105204.0	BOOM Esports	1813.392610154899	1937.0406742674672	49.4592256450273	1816.162201041979	Motivate.Trust Gaming	1653.1409072445638	1780.066152702088	50.7700981830097	1655.8494253661795	True
1638098444.0	BOOM Esports	1813.392610154899	1937.0406742674672	49.4592256450273	1816.162201041979	Motivate.Trust Gaming	1653.1409072445638	1780.066152702088	50.7700981830097	1655.8494253661795	True
1638094413.0	Motivate.Trust Gaming	1653.1409072445638	1780.066152702088	50.7700981830097	1655.8494253661795	BOOM Esports	1813.392610154899	1937.0406742674672	49.4592256450273	1816.162201041979	True
1638089700.0	BOOM Esports	1813.392610154899	1937.0406742674672	49.4592256450273	1816.162201041979	Motivate.Trust Gaming	1653.1409072445638	1780.066152702088	50.7700981830097	1655.8494253661795	False
1637995021.0	Motivate.Trust Gaming	1653.1409072445638	1780.066152702088	50.7700981830097	1655.8494253661795	Neon Esports	1613.3728486596676	1738.7566453449656	50.153518674119205	1616.1206105830172	True
1637991974.0	Motivate.Trust Gaming	1653.1409072445638	1780.066152702088	50.7700981830097	1655.8494253661795	Neon Esports	1613.3728486596676	1738.7566453449656	50.153518674119205	1616.1206105830172	True
1637931016.0	BOOM Esports	1813.392610154899	1937.0406742674672	49.4592256450273	1816.162201041979	Neon Esports	1613.3728486596676	1738.7566453449656	50.153518674119205	1616.1206105830172	True
1637926978.0	BOOM Esports	1813.392610154899	1937.0406742674672	49.4592256450273	1816.162201041979	Neon Esports	1613.3728486596676	1738.7566453449656	50.153518674119205	1616.1206105830172	False
1637924288.0	BOOM Esports	1813.392610154899	1937.0406742674672	49.4592256450273	1816.162201041979	Neon Esports	1613.3728486596676	1738.7566453449656	50.153518674119205	1616.1206105830172	True
1637918579.0	Motivate.Trust Gaming	1653.1409072445638	1780.066152702088	50.7700981830097	1655.8494253661795	Execration	1524.9079309204471	1723.557269767967	79.45973553900792	1526.629784297474	True
1637913968.0	Execration	1524.9079309204471	1723.557269767967	79.45973553900792	1526.629784297474	Motivate.Trust Gaming	1653.1409072445638	1780.066152702088	50.7700981830097	1655.8494253661795	False
1637844569.0	Execration	1524.9079309204471	1723.557269767967	79.45973553900792	1526.629784297474	TNC Predator	1766.2400147711764	1928.1596019535089	64.76783487293291	1768.3784574808362	False
1637840148.0	Execration	1524.9079309204471	1723.557269767967	79.45973553900792	1526.629784297474	TNC Predator	1766.2400147711764	1928.1596019535089	64.76783487293291	1768.3784574808362	True
1637836013.0	Execration	1524.9079309204471	1723.557269767967	79.45973553900792	1526.629784297474	TNC Predator	1766.2400147711764	1928.1596019535089	64.76783487293291	1768.3784574808362	False
1637540748.0	Hokori	1576.674748757625	1697.0121287527245	48.134951998039845	1579.530595072115	Infinity	1429.6205193351052	1587.543789202682	63.16930794703074	1431.7839050097311	True
1637536103.0	Hokori	1576.674748757625	1697.0121287527245	48.134951998039845	1579.530595072115	Infinity	1429.6205193351052	1587.543789202682	63.16930794703074	1431.7839050097311	False
1637532426.0	Hokori	1576.674748757625	1697.0121287527245	48.134951998039845	1579.530595072115	Infinity	1429.6205193351052	1587.543789202682	63.16930794703074	1431.7839050097311	True
1637528694.0	Infinity	1429.6205193351052	1587.543789202682	63.16930794703074	1431.7839050097311	Hokori	1576.674748757625	1697.0121287527245	48.134951998039845	1579.530595072115	False
1637186050.0	Infinity	1431.7839050097311	1587.543789202682	62.30395367718037	1433.9777646987725	Hokori	1579.530595072115	1697.0121287527245	46.99261347224387	1582.4576155818702	True
1637183185.0	Hokori	1579.530595072115	1697.0121287527245	46.99261347224387	1582.4576155818702	Infinity	1431.7839050097311	1587.543789202682	62.30395367718037	1433.9777646987725	False
1636504888.0	Gorillaz-Pride	1273.846363568884	1468.0887679323248	77.69696174537627	1275.6037796907744	Infinity	1433.9777646987725	1587.543789202682	61.42640980156396	1436.2034236683362	False
1636501704.0	Infinity	1433.9777646987725	1587.543789202682	61.42640980156396	1436.2034236683362	Gorillaz-Pride	1273.846363568884	1468.0887679323248	77.69696174537627	1275.6037796907744	True
1633265248.0	Team Magma	1701.218539509951	1830.0181363782008	51.51983874729997	1703.8963814828696	Team SMG	1750.4233174717644	1870.883521570997	48.18408163969299	1753.28552319934	False
1633261893.0	Team Magma	1701.218539509951	1830.0181363782008	51.51983874729997	1703.8963814828696	Team SMG	1750.4233174717644	1870.883521570997	48.18408163969299	1753.28552319934	True
1633258770.0	Team Magma	1701.218539509951	1830.0181363782008	51.51983874729997	1703.8963814828696	Team SMG	1750.4233174717644	1870.883521570997	48.18408163969299	1753.28552319934	False
1633256286.0	Team Magma	1701.218539509951	1830.0181363782008	51.51983874729997	1703.8963814828696	Team SMG	1750.4233174717644	1870.883521570997	48.18408163969299	1753.28552319934	False
1633252145.0	Team Magma	1701.218539509951	1830.0181363782008	51.51983874729997	1703.8963814828696	Team SMG	1750.4233174717644	1870.883521570997	48.18408163969299	1753.28552319934	True
1633073646.0	Team Magma	1701.218539509951	1830.0181363782008	51.51983874729997	1703.8963814828696	Team SMG	1750.4233174717644	1870.883521570997	48.18408163969299	1753.28552319934	False
1633069521.0	Team Magma	1701.218539509951	1830.0181363782008	51.51983874729997	1703.8963814828696	Team SMG	1750.4233174717644	1870.883521570997	48.18408163969299	1753.28552319934	False
1632986316.0	BOOM Esports	1775.401676948321	1897.3493716906191	48.77907789691924	1778.210061635958	Execration	1680.7419960643456	1798.548414286759	47.12256728896535	1683.6646672758727	True
1632982203.0	Execration	1680.7419960643456	1798.548414286759	47.12256728896535	1683.6646672758727	BOOM Esports	1775.401676948321	1897.3493716906191	48.77907789691924	1778.210061635958	False
1632907288.0	BOOM Esports	1775.401676948321	1897.3493716906191	48.77907789691924	1778.210061635958	Team Magma	1701.218539509951	1830.0181363782008	51.51983874729997	1703.8963814828696	False
1632903770.0	Team Magma	1701.218539509951	1830.0181363782008	51.51983874729997	1703.8963814828696	BOOM Esports	1775.401676948321	1897.3493716906191	48.77907789691924	1778.210061635958	True
1632898862.0	Execration	1680.7419960643456	1798.548414286759	47.12256728896535	1683.6646672758727	Lilgun 	1329.1589045338185	1525.1854375629869	78.41061321166733	1330.9042299969697	True
1632895612.0	Execration	1680.7419960643456	1798.548414286759	47.12256728896535	1683.6646672758727	Lilgun 	1329.1589045338185	1525.1854375629869	78.41061321166733	1330.9042299969697	False
1632892324.0	Execration	1680.7419960643456	1798.548414286759	47.12256728896535	1683.6646672758727	Lilgun 	1329.1589045338185	1525.1854375629869	78.41061321166733	1330.9042299969697	True
1632833549.0	Team SMG	1750.4233174717644	1870.883521570997	48.18408163969299	1753.28552319934	Neon Esports	1597.07431052866	1730.0029804456954	53.17146796681405	1599.6663557878253	True
1632829438.0	Team SMG	1750.4233174717644	1870.883521570997	48.18408163969299	1753.28552319934	Neon Esports	1597.07431052866	1730.0029804456954	53.17146796681405	1599.6663557878253	False
1632825930.0	Neon Esports	1597.07431052866	1730.0029804456954	53.17146796681405	1599.6663557878253	Team SMG	1750.4233174717644	1870.883521570997	48.18408163969299	1753.28552319934	False
1632821884.0	iG.Vitality	1532.0871950548917	1732.045242805012	79.98321910004819	1533.8121586583627	mega Esports	1504.432025292512	1691.148955831069	74.68677221542292	1506.2630857616866	True
1632818595.0	mega Esports	1504.432025292512	1691.148955831069	74.68677221542292	1506.2630857616866	iG.Vitality	1532.0871950548917	1732.045242805012	79.98321910004819	1533.8121586583627	True
1632814822.0	iG.Vitality	1532.0871950548917	1732.045242805012	79.98321910004819	1533.8121586583627	mega Esports	1504.432025292512	1691.148955831069	74.68677221542292	1506.2630857616866	True
1632810876.0	Execration	1680.7419960643456	1798.548414286759	47.12256728896535	1683.6646672758727	Team Saiyan	1570.8054853309127	1729.662751657735	63.54290653072892	1573.0095720632055	True
1632805854.0	Execration	1680.7419960643456	1798.548414286759	47.12256728896535	1683.6646672758727	Team Saiyan	1570.8054853309127	1729.662751657735	63.54290653072892	1573.0095720632055	True
1632740627.0	BOOM Esports	1775.401676948321	1897.3493716906191	48.77907789691924	1778.210061635958	mega Esports	1504.432025292512	1691.148955831069	74.68677221542292	1506.2630857616866	True
1632738099.0	BOOM Esports	1775.401676948321	1897.3493716906191	48.77907789691924	1778.210061635958	mega Esports	1504.432025292512	1691.148955831069	74.68677221542292	1506.2630857616866	True
1632734319.0	Team Saiyan	1570.8054853309127	1729.662751657735	63.54290653072892	1573.0095720632055	Team SMG	1750.4233174717644	1870.883521570997	48.18408163969299	1753.28552319934	False
1632731041.0	Team Saiyan	1570.8054853309127	1729.662751657735	63.54290653072892	1573.0095720632055	Team SMG	1750.4233174717644	1870.883521570997	48.18408163969299	1753.28552319934	False
1632726501.0	iG.Vitality	1532.0871950548917	1732.045242805012	79.98321910004819	1533.8121586583627	Team SMG	1750.4233174717644	1870.883521570997	48.18408163969299	1753.28552319934	False
1632723704.0	iG.Vitality	1532.0871950548917	1732.045242805012	79.98321910004819	1533.8121586583627	Team SMG	1750.4233174717644	1870.883521570997	48.18408163969299	1753.28552319934	False
1632645478.0	Team Magma	1703.8963814828696	1830.0181363782008	50.44870195813249	1706.6323269739896	Army Geniuses	1433.914135467876	1570.1243378255533	54.4840809430709	1436.4343871872863	True
1632641573.0	Team Magma	1703.8963814828696	1830.0181363782008	50.44870195813249	1706.6323269739896	Army Geniuses	1433.914135467876	1570.1243378255533	54.4840809430709	1436.4343871872863	True
1632236007.0	Lilgun 	1330.9042299969697	1525.1854375629869	77.7124830264069	1332.6653773739663	Army Geniuses	1433.914135467876	1570.1243378255533	54.4840809430709	1436.4343871872863	False
1632232901.0	Army Geniuses	1433.914135467876	1570.1243378255533	54.4840809430709	1436.4343871872863	Lilgun 	1330.9042299969697	1525.1854375629869	77.7124830264069	1332.6653773739663	True
1632221459.0	mega Esports	1506.2630857616866	1691.148955831069	73.95434802775307	1508.11246287711	Execration	1683.6646672758727	1798.548414286759	45.95349880435448	1698.534679145068	True
1632216403.0	Execration	1683.6646672758727	1798.548414286759	45.95349880435448	1698.534679145068	mega Esports	1506.2630857616866	1691.148955831069	73.95434802775307	1508.11246287711	False
1632126822.0	Army Geniuses	1433.914135467876	1570.1243378255533	54.4840809430709	1436.4343871872863	BOOM Esports	1778.210061635958	1897.3493716906191	47.65572402186445	1744.093175733765	False
1632122853.0	BOOM Esports	1778.210061635958	1897.3493716906191	47.65572402186445	1744.093175733765	Army Geniuses	1433.914135467876	1570.1243378255533	54.4840809430709	1436.4343871872863	True
1632118968.0	Execration	1683.6646672758727	1798.548414286759	45.95349880435448	1698.534679145068	BOOM Esports	1778.210061635958	1897.3493716906191	47.65572402186445	1744.093175733765	False
1632114806.0	Execration	1683.6646672758727	1798.548414286759	45.95349880435448	1698.534679145068	BOOM Esports	1778.210061635958	1897.3493716906191	47.65572402186445	1744.093175733765	False
1632038867.0	BOOM Esports	1744.093175733765	1873.2891897745965	51.6784056163325	1748.3039933589423	Neon Esports	1615.9711760253829	1747.1535666039306	52.47295623141911	1645.2615332689452	False
1632034826.0	Neon Esports	1615.9711760253829	1747.1535666039306	52.47295623141911	1645.2615332689452	BOOM Esports	1744.093175733765	1873.2891897745965	51.6784056163325	1748.3039933589423	True
1632030912.0	iG.Vitality	1535.552264710258	1732.045242805012	78.5971912379016	1537.307919133358	Team SMG	1739.943170563873	1871.159286685697	52.48644644872961	1695.4496091243889	False
1632027993.0	iG.Vitality	1535.552264710258	1732.045242805012	78.5971912379016	1537.307919133358	Team SMG	1739.943170563873	1871.159286685697	52.48644644872961	1695.4496091243889	False
1631959097.0	BOOM Esports	1744.093175733765	1873.2891897745965	51.6784056163325	1748.3039933589423	iG.Vitality	1535.552264710258	1732.045242805012	78.5971912379016	1537.307919133358	True
1631955685.0	iG.Vitality	1535.552264710258	1732.045242805012	78.5971912379016	1537.307919133358	BOOM Esports	1744.093175733765	1873.2891897745965	51.6784056163325	1748.3039933589423	False
1631951559.0	mega Esports	1508.11246287711	1691.148955831069	73.2145971815838	1509.9807175704486	Team SMG	1739.943170563873	1871.159286685697	52.48644644872961	1695.4496091243889	False
1631948516.0	mega Esports	1508.11246287711	1691.148955831069	73.2145971815838	1509.9807175704486	Team SMG	1739.943170563873	1871.159286685697	52.48644644872961	1695.4496091243889	False
1631871796.0	BOOM Esports	1744.093175733765	1873.2891897745965	51.6784056163325	1748.3039933589423	Team SMG	1739.943170563873	1871.159286685697	52.48644644872961	1695.4496091243889	False
1631868359.0	iG.Vitality	1535.552264710258	1732.045242805012	78.5971912379016	1537.307919133358	mega Esports	1508.11246287711	1691.148955831069	73.2145971815838	1509.9807175704486	False
1631864429.0	mega Esports	1508.11246287711	1691.148955831069	73.2145971815838	1509.9807175704486	iG.Vitality	1535.552264710258	1732.045242805012	78.5971912379016	1537.307919133358	False
1631786172.0	BOOM Esports	1744.093175733765	1873.2891897745965	51.6784056163325	1748.3039933589423	mega Esports	1508.11246287711	1691.148955831069	73.2145971815838	1509.9807175704486	True
1631782830.0	BOOM Esports	1744.093175733765	1873.2891897745965	51.6784056163325	1748.3039933589423	mega Esports	1508.11246287711	1691.148955831069	73.2145971815838	1509.9807175704486	True
1631779200.0	Execration	1698.534679145068	1815.6238855445504	46.83568255979289	1682.2587833576006	Team SMG	1739.943170563873	1871.159286685697	52.48644644872961	1695.4496091243889	True
1631776471.0	Execration	1698.534679145068	1815.6238855445504	46.83568255979289	1682.2587833576006	Team SMG	1739.943170563873	1871.159286685697	52.48644644872961	1695.4496091243889	True
1631773093.0	Neon Esports	1615.9711760253829	1747.1535666039306	52.47295623141911	1645.2615332689452	Team SMG	1739.943170563873	1871.159286685697	52.48644644872961	1695.4496091243889	False
1631768758.0	Neon Esports	1615.9711760253829	1747.1535666039306	52.47295623141911	1645.2615332689452	Team SMG	1739.943170563873	1871.159286685697	52.48644644872961	1695.4496091243889	True
1631708590.0	BOOM Esports	1744.093175733765	1873.2891897745965	51.6784056163325	1748.3039933589423	Lilgun 	1332.6653773739663	1525.1854375629869	77.00802407560826	1334.442784920589	True
1631704976.0	BOOM Esports	1744.093175733765	1873.2891897745965	51.6784056163325	1748.3039933589423	Lilgun 	1332.6653773739663	1525.1854375629869	77.00802407560826	1334.442784920589	True
1631692893.0	Army Geniuses	1436.4343871872863	1570.1243378255533	53.47598025530677	1431.319835029659	Team SMG	1739.943170563873	1871.159286685697	52.48644644872961	1695.4496091243889	False
1631689769.0	Army Geniuses	1436.4343871872863	1570.1243378255533	53.47598025530677	1431.319835029659	Team SMG	1739.943170563873	1871.159286685697	52.48644644872961	1695.4496091243889	False
1631621393.0	Execration	1698.534679145068	1815.6238855445504	46.83568255979289	1682.2587833576006	Lilgun 	1332.6653773739663	1525.1854375629869	77.00802407560826	1334.442784920589	False
1631618157.0	Execration	1698.534679145068	1815.6238855445504	46.83568255979289	1682.2587833576006	Lilgun 	1332.6653773739663	1525.1854375629869	77.00802407560826	1334.442784920589	True
1631607869.0	Execration	1698.534679145068	1815.6238855445504	46.83568255979289	1682.2587833576006	Army Geniuses	1436.4343871872863	1570.1243378255533	53.47598025530677	1431.319835029659	False
1631604145.0	Army Geniuses	1436.4343871872863	1570.1243378255533	53.47598025530677	1431.319835029659	Execration	1698.534679145068	1815.6238855445504	46.83568255979289	1682.2587833576006	False
1631599923.0	Lilgun 	1332.6653773739663	1525.1854375629869	77.00802407560826	1334.442784920589	Team SMG	1739.943170563873	1871.159286685697	52.48644644872961	1695.4496091243889	True
1631595834.0	Lilgun 	1332.6653773739663	1525.1854375629869	77.00802407560826	1334.442784920589	Team SMG	1739.943170563873	1871.159286685697	52.48644644872961	1695.4496091243889	True
1631520424.0	mega Esports	1508.11246287711	1691.148955831069	73.2145971815838	1509.9807175704486	Army Geniuses	1436.4343871872863	1570.1243378255533	53.47598025530677	1431.319835029659	True
1631516898.0	Army Geniuses	1436.4343871872863	1570.1243378255533	53.47598025530677	1431.319835029659	mega Esports	1508.11246287711	1691.148955831069	73.2145971815838	1509.9807175704486	True
1631512687.0	Neon Esports	1615.9711760253829	1747.1535666039306	52.47295623141911	1645.2615332689452	iG.Vitality	1535.552264710258	1732.045242805012	78.5971912379016	1537.307919133358	True
1631509679.0	iG.Vitality	1535.552264710258	1732.045242805012	78.5971912379016	1537.307919133358	Neon Esports	1615.9711760253829	1747.1535666039306	52.47295623141911	1645.2615332689452	False
1631270155.0	Execration	1682.2587833576006	1806.1237691102071	49.54599430104259	1694.1353132959016	mega Esports	1509.9807175704486	1691.148955831069	72.46729530424832	1511.8684400017432	False
1631265650.0	Execration	1682.2587833576006	1806.1237691102071	49.54599430104259	1694.1353132959016	mega Esports	1509.9807175704486	1691.148955831069	72.46729530424832	1511.8684400017432	True
1631259930.0	iG.Vitality	1537.307919133358	1732.045242805012	77.89492946866154	1539.0795463171348	Lilgun 	1334.442784920589	1525.1854375629869	76.2970610569591	1336.2369115064637	False
1631257546.0	Lilgun 	1334.442784920589	1525.1854375629869	76.2970610569591	1336.2369115064637	iG.Vitality	1537.307919133358	1732.045242805012	77.89492946866154	1539.0795463171348	True
1631236924.0	Noping VPN	1741.0214192617286	1859.254135578757	47.293086526811614	1749.4322031502472	Infinity	1470.2782894129332	1612.722070227593	56.97751232586392	1428.64853408477	True
1631234006.0	Infinity	1470.2782894129332	1612.722070227593	56.97751232586392	1428.64853408477	Noping VPN	1741.0214192617286	1859.254135578757	47.293086526811614	1749.4322031502472	False
1631222093.0	Noping VPN	1741.0214192617286	1859.254135578757	47.293086526811614	1749.4322031502472	Unknown Team	1489.5905505768856	1633.9128178778867	57.7289069204005	1491.9700642356868	True
1631207193.0	Noping VPN	1741.0214192617286	1859.254135578757	47.293086526811614	1749.4322031502472	Unknown Team	1489.5905505768856	1633.9128178778867	57.7289069204005	1491.9700642356868	True
1631182213.0	Neon Esports	1645.2615332689452	1787.1905372918309	56.77160160915432	1659.2304967891532	Lilgun 	1334.442784920589	1525.1854375629869	76.2970610569591	1336.2369115064637	False
1631178723.0	Neon Esports	1645.2615332689452	1787.1905372918309	56.77160160915432	1659.2304967891532	Lilgun 	1334.442784920589	1525.1854375629869	76.2970610569591	1336.2369115064637	True
1631175435.0	Army Geniuses	1431.319835029659	1575.5003316151149	57.67219863418234	1417.5626894811603	iG.Vitality	1537.307919133358	1732.045242805012	77.89492946866154	1539.0795463171348	False
1631171517.0	iG.Vitality	1537.307919133358	1732.045242805012	77.89492946866154	1539.0795463171348	Army Geniuses	1431.319835029659	1575.5003316151149	57.67219863418234	1417.5626894811603	False
1631104393.0	Lilgun 	1334.442784920589	1525.1854375629869	76.2970610569591	1336.2369115064637	mega Esports	1509.9807175704486	1691.148955831069	72.46729530424832	1511.8684400017432	True
1631100464.0	mega Esports	1509.9807175704486	1691.148955831069	72.46729530424832	1511.8684400017432	Lilgun 	1334.442784920589	1525.1854375629869	76.2970610569591	1336.2369115064637	False
1631090396.0	Execration	1682.2587833576006	1806.1237691102071	49.54599430104259	1694.1353132959016	iG.Vitality	1537.307919133358	1732.045242805012	77.89492946866154	1539.0795463171348	True
1631085937.0	Execration	1682.2587833576006	1806.1237691102071	49.54599430104259	1694.1353132959016	iG.Vitality	1537.307919133358	1732.045242805012	77.89492946866154	1539.0795463171348	False
1631081515.0	Neon Esports	1645.2615332689452	1787.1905372918309	56.77160160915432	1659.2304967891532	Army Geniuses	1431.319835029659	1575.5003316151149	57.67219863418234	1417.5626894811603	True
1631077645.0	Neon Esports	1645.2615332689452	1787.1905372918309	56.77160160915432	1659.2304967891532	Army Geniuses	1431.319835029659	1575.5003316151149	57.67219863418234	1417.5626894811603	True
1631055255.0	Hokori	1581.9825226768207	1716.136902790343	53.6617520454088	1562.986347654637	Infinity	1470.2782894129332	1612.722070227593	56.97751232586392	1428.64853408477	False
1631051848.0	Infinity	1470.2782894129332	1612.722070227593	56.97751232586392	1428.64853408477	Hokori	1581.9825226768207	1716.136902790343	53.6617520454088	1562.986347654637	False
1630995340.0	Execration	1682.2587833576006	1806.1237691102071	49.54599430104259	1694.1353132959016	Neon Esports	1645.2615332689452	1787.1905372918309	56.77160160915432	1659.2304967891532	True
1630991164.0	Neon Esports	1645.2615332689452	1787.1905372918309	56.77160160915432	1659.2304967891532	Execration	1682.2587833576006	1806.1237691102071	49.54599430104259	1694.1353132959016	True
1630977913.0	Tempest	1449.6404863004705	1612.5813868148805	65.17636020576393	1451.7376573527615	Infinity	1470.2782894129332	1612.722070227593	56.97751232586392	1428.64853408477	False
1630974196.0	Infinity	1470.2782894129332	1612.722070227593	56.97751232586392	1428.64853408477	Tempest	1449.6404863004705	1612.5813868148805	65.17636020576393	1451.7376573527615	True
1630926334.0	Neon Esports	1645.2615332689452	1787.1905372918309	56.77160160915432	1659.2304967891532	mega Esports	1509.9807175704486	1691.148955831069	72.46729530424832	1511.8684400017432	True
1630908423.0	Army Geniuses	1431.319835029659	1575.5003316151149	57.67219863418234	1417.5626894811603	Lilgun 	1334.442784920589	1525.1854375629869	76.2970610569591	1336.2369115064637	False
1630905203.0	Army Geniuses	1431.319835029659	1575.5003316151149	57.67219863418234	1417.5626894811603	Lilgun 	1334.442784920589	1525.1854375629869	76.2970610569591	1336.2369115064637	False
1630796677.0	Hokori	1562.986347654637	1702.527687208994	55.81653582174274	1565.441400144064	Tempest	1451.7376573527615	1612.5813868148805	64.33749178484744	1453.8625361571226	True
1630792978.0	Tempest	1451.7376573527615	1612.5813868148805	64.33749178484744	1453.8625361571226	Hokori	1562.986347654637	1702.527687208994	55.81653582174274	1565.441400144064	False
1630702756.0	Unknown Team	1491.9700642356868	1633.9128178778867	56.77710145688001	1494.3901538259165	Noping VPN	1749.4322031502472	1866.1492556457204	46.68682099818924	1752.3850952350074	True
1630699815.0	Noping VPN	1749.4322031502472	1866.1492556457204	46.68682099818924	1752.3850952350074	Unknown Team	1491.9700642356868	1633.9128178778867	56.77710145688001	1494.3901538259165	True
1623030483.0	4 Zoomers	1718.1472192883048	1846.7157693362983	51.42742001919751	1720.8316715354688	TSM FTX	1771.7510332664467	1927.9637050434296	62.48506871079315	1773.937278509649	False
1623026612.0	TSM FTX	1771.7510332664467	1927.9637050434296	62.48506871079315	1773.937278509649	4 Zoomers	1718.1472192883048	1846.7157693362983	51.42742001919751	1720.8316715354688	True
1623022541.0	4 Zoomers	1718.1472192883048	1846.7157693362983	51.42742001919751	1720.8316715354688	TSM FTX	1771.7510332664467	1927.9637050434296	62.48506871079315	1773.937278509649	True
1623018160.0	TSM FTX	1771.7510332664467	1927.9637050434296	62.48506871079315	1773.937278509649	4 Zoomers	1718.1472192883048	1846.7157693362983	51.42742001919751	1720.8316715354688	True
1623013413.0	Infamous U.esports.	1635.9012456909609	1770.476105885149	53.82994407767532	1638.4951786449617	TSM FTX	1771.7510332664467	1927.9637050434296	62.48506871079315	1773.937278509649	False
1623009652.0	TSM FTX	1771.7510332664467	1927.9637050434296	62.48506871079315	1773.937278509649	Infamous U.esports.	1635.9012456909609	1770.476105885149	53.82994407767532	1638.4951786449617	True
1622931977.0	4 Zoomers	1720.8316715354688	1846.7157693362983	50.35363912033189	1723.5746304069617	TSM FTX	1773.937278509649	1927.9637050434296	61.61057061351223	1776.1550052998746	True
1622928128.0	TSM FTX	1773.937278509649	1927.9637050434296	61.61057061351223	1776.1550052998746	4 Zoomers	1720.8316715354688	1846.7157693362983	50.35363912033189	1723.5746304069617	False
1622923491.0	4 Zoomers	1720.8316715354688	1846.7157693362983	50.35363912033189	1723.5746304069617	TSM FTX	1773.937278509649	1927.9637050434296	61.61057061351223	1776.1550052998746	False
1622839919.0	Hokori	1480.100505747061	1641.4635755600611	64.54522792519997	1482.2190617017895	Infamous U.esports.	1638.4951786449617	1770.476105885149	52.79237089607495	1641.1411248704446	False
1622836808.0	Infamous U.esports.	1638.4951786449617	1770.476105885149	52.79237089607495	1641.1411248704446	Hokori	1480.100505747061	1641.4635755600611	64.54522792519997	1482.2190617017895	True
1622784089.0	mega Esports	1552.2112487426086	1718.453260883356	66.49680485629897	1554.2704636454362	Galaxy Racer Esports	1450.1244802755605	1611.035538462446	64.36442327475429	1452.252861115624	False
1622779244.0	Galaxy Racer Esports	1450.1244802755605	1611.035538462446	64.36442327475429	1452.252861115624	mega Esports	1552.2112487426086	1718.453260883356	66.49680485629897	1554.2704636454362	True
1622775807.0	mega Esports	1552.2112487426086	1718.453260883356	66.49680485629897	1554.2704636454362	Galaxy Racer Esports	1450.1244802755605	1611.035538462446	64.36442327475429	1452.252861115624	True
1622758503.0	Simply TOOBASED	1467.7247409350744	1646.8471950831697	71.64898165923805	1469.6315791325137	The Cut	1380.7104155628926	1546.6247862953476	66.36574829298199	1382.7684966474314	False
1622754097.0	Infamous U.esports.	1638.4951786449617	1770.476105885149	52.79237089607495	1641.1411248704446	Tempest	1471.3098362271178	1612.7913456164845	56.59260375574664	1473.7312295107015	True
1622750423.0	Tempest	1471.3098362271178	1612.7913456164845	56.59260375574664	1473.7312295107015	Infamous U.esports.	1638.4951786449617	1770.476105885149	52.79237089607495	1641.1411248704446	False
1622677341.0	4 Zoomers	1720.8316715354688	1846.7157693362983	50.35363912033189	1723.5746304069617	Hokori	1480.100505747061	1641.4635755600611	64.54522792519997	1482.2190617017895	True
1622673191.0	Hokori	1480.100505747061	1641.4635755600611	64.54522792519997	1482.2190617017895	4 Zoomers	1720.8316715354688	1846.7157693362983	50.35363912033189	1723.5746304069617	False
1622520774.0	Simply TOOBASED	1467.7247409350744	1646.8471950831697	71.64898165923805	1469.6315791325137	The Cut	1380.7104155628926	1546.6247862953476	66.36574829298199	1382.7684966474314	True
1622516291.0	The Cut	1380.7104155628926	1546.6247862953476	66.36574829298199	1382.7684966474314	Simply TOOBASED	1467.7247409350744	1646.8471950831697	71.64898165923805	1469.6315791325137	True
1622495366.0	4 Zoomers	1720.8316715354688	1846.7157693362983	50.35363912033189	1723.5746304069617	TSM FTX	1773.937278509649	1927.9637050434296	61.61057061351223	1776.1550052998746	True
1622491246.0	TSM FTX	1773.937278509649	1927.9637050434296	61.61057061351223	1776.1550052998746	4 Zoomers	1720.8316715354688	1846.7157693362983	50.35363912033189	1723.5746304069617	False
1622467223.0	mega Esports	1552.2112487426086	1718.453260883356	66.49680485629897	1554.2704636454362	Galaxy Racer Esports	1450.1244802755605	1611.035538462446	64.36442327475429	1452.252861115624	False
1622463012.0	Galaxy Racer Esports	1450.1244802755605	1611.035538462446	64.36442327475429	1452.252861115624	mega Esports	1552.2112487426086	1718.453260883356	66.49680485629897	1554.2704636454362	True
1622458777.0	BOOM Esports	1712.7468837246915	1845.4437576784485	53.07874958150282	1715.3251418556315	mega Esports	1552.2112487426086	1718.453260883356	66.49680485629897	1554.2704636454362	True
1622433882.0	Hokori	1480.100505747061	1641.4635755600611	64.54522792519997	1482.2190617017895	Tempest	1471.3098362271178	1612.7913456164845	56.59260375574664	1473.7312295107015	True
1622430317.0	Tempest	1471.3098362271178	1612.7913456164845	56.59260375574664	1473.7312295107015	Hokori	1480.100505747061	1641.4635755600611	64.54522792519997	1482.2190617017895	False
1622425838.0	Hokori	1480.100505747061	1641.4635755600611	64.54522792519997	1482.2190617017895	Simply TOOBASED	1467.7247409350744	1646.8471950831697	71.64898165923805	1469.6315791325137	True
1622421681.0	Simply TOOBASED	1467.7247409350744	1646.8471950831697	71.64898165923805	1469.6315791325137	Hokori	1480.100505747061	1641.4635755600611	64.54522792519997	1482.2190617017895	False
1622417117.0	Infamous U.esports.	1638.4951786449617	1770.476105885149	52.79237089607495	1641.1411248704446	4 Zoomers	1720.8316715354688	1846.7157693362983	50.35363912033189	1723.5746304069617	True
1622413515.0	4 Zoomers	1720.8316715354688	1846.7157693362983	50.35363912033189	1723.5746304069617	Infamous U.esports.	1638.4951786449617	1770.476105885149	52.79237089607495	1641.1411248704446	True
1622408533.0	4 Zoomers	1720.8316715354688	1846.7157693362983	50.35363912033189	1723.5746304069617	The Cut	1380.7104155628926	1546.6247862953476	66.36574829298199	1382.7684966474314	True
1622404831.0	The Cut	1380.7104155628926	1546.6247862953476	66.36574829298199	1382.7684966474314	4 Zoomers	1720.8316715354688	1846.7157693362983	50.35363912033189	1723.5746304069617	False
1622379868.0	Lilgun 	1426.5293237193523	1609.300802805695	73.10859163453694	1428.4008336184029	Xtreme Gaming	1369.7287932745608	1552.7404941893535	73.20468036591716	1371.5941490166326	True
1622375711.0	Xtreme Gaming	1369.7287932745608	1552.7404941893535	73.20468036591716	1371.5941490166326	Lilgun 	1426.5293237193523	1609.300802805695	73.10859163453694	1428.4008336184029	False
1622372500.0	Lilgun 	1426.5293237193523	1609.300802805695	73.10859163453694	1428.4008336184029	Xtreme Gaming	1369.7287932745608	1552.7404941893535	73.20468036591716	1371.5941490166326	False
1622358146.0	Galaxy Racer Esports	1452.252861115624	1611.035538462446	63.5130709387288	1454.4101618339232	Lilgun 	1426.5293237193523	1609.300802805695	73.10859163453694	1428.4008336184029	True
1622354507.0	Lilgun 	1426.5293237193523	1609.300802805695	73.10859163453694	1428.4008336184029	Galaxy Racer Esports	1452.252861115624	1611.035538462446	63.5130709387288	1454.4101618339232	False
1622350796.0	Infamous U.esports.	1641.1411248704446	1770.476105885149	51.73399240588175	1643.8423446957718	The Cut	1382.7684966474314	1546.6247862953476	65.54251585916649	1384.8527587417032	True
1622346871.0	The Cut	1382.7684966474314	1546.6247862953476	65.54251585916649	1384.8527587417032	Infamous U.esports.	1641.1411248704446	1770.476105885149	51.73399240588175	1643.8423446957718	False
1622323593.0	TSM FTX	1776.1550052998746	1927.9637050434296	60.723479897422	1778.405614105856	Simply TOOBASED	1469.6315791325137	1646.8471950831697	70.88624638026235	1471.559159286358	False
1622318516.0	Simply TOOBASED	1469.6315791325137	1646.8471950831697	70.88624638026235	1471.559159286358	TSM FTX	1776.1550052998746	1927.9637050434296	60.723479897422	1778.405614105856	False
1622261625.0	Tempest	1473.7312295107015	1612.7913456164845	55.62404644231318	1476.1955393718774	Infamous U.esports.	1641.1411248704446	1770.476105885149	51.73399240588175	1643.8423446957718	False
1622258301.0	Infamous U.esports.	1641.1411248704446	1770.476105885149	51.73399240588175	1643.8423446957718	Tempest	1473.7312295107015	1612.7913456164845	55.62404644231318	1476.1955393718774	True
1622236412.0	Hokori	1482.2190617017895	1641.4635755600611	63.69780554330861	1484.366185102933	TSM FTX	1776.1550052998746	1927.9637050434296	60.723479897422	1778.405614105856	False
1622233498.0	TSM FTX	1776.1550052998746	1927.9637050434296	60.723479897422	1778.405614105856	Hokori	1482.2190617017895	1641.4635755600611	63.69780554330861	1484.366185102933	True
1622173327.0	Simply TOOBASED	1469.6315791325137	1646.8471950831697	70.88624638026235	1471.559159286358	Tempest	1473.7312295107015	1612.7913456164845	55.62404644231318	1476.1955393718774	False
1622169905.0	Tempest	1473.7312295107015	1612.7913456164845	55.62404644231318	1476.1955393718774	Simply TOOBASED	1469.6315791325137	1646.8471950831697	70.88624638026235	1471.559159286358	False
1622165642.0	4 Zoomers	1723.5746304069617	1846.7157693362983	49.25645557173476	1726.380096676444	Tempest	1473.7312295107015	1612.7913456164845	55.62404644231318	1476.1955393718774	True
1622161704.0	Tempest	1473.7312295107015	1612.7913456164845	55.62404644231318	1476.1955393718774	4 Zoomers	1723.5746304069617	1846.7157693362983	49.25645557173476	1726.380096676444	False
1622148573.0	TSM FTX	1776.1550052998746	1927.9637050434296	60.723479897422	1778.405614105856	Infamous U.esports.	1641.1411248704446	1770.476105885149	51.73399240588175	1643.8423446957718	True
1622145633.0	Infamous U.esports.	1641.1411248704446	1770.476105885149	51.73399240588175	1643.8423446957718	TSM FTX	1776.1550052998746	1927.9637050434296	60.723479897422	1778.405614105856	True
1622084607.0	Hokori	1482.2190617017895	1641.4635755600611	63.69780554330861	1484.366185102933	The Cut	1382.7684966474314	1546.6247862953476	65.54251585916649	1384.8527587417032	False
1622081016.0	The Cut	1382.7684966474314	1546.6247862953476	65.54251585916649	1384.8527587417032	Hokori	1482.2190617017895	1641.4635755600611	63.69780554330861	1484.366185102933	False
1622077201.0	4 Zoomers	1723.5746304069617	1846.7157693362983	49.25645557173476	1726.380096676444	Hokori	1482.2190617017895	1641.4635755600611	63.69780554330861	1484.366185102933	True
1622073783.0	Hokori	1482.2190617017895	1641.4635755600611	63.69780554330861	1484.366185102933	4 Zoomers	1723.5746304069617	1846.7157693362983	49.25645557173476	1726.380096676444	False
1622069122.0	Simply TOOBASED	1469.6315791325137	1646.8471950831697	70.88624638026235	1471.559159286358	4 Zoomers	1723.5746304069617	1846.7157693362983	49.25645557173476	1726.380096676444	False
1622065819.0	4 Zoomers	1723.5746304069617	1846.7157693362983	49.25645557173476	1726.380096676444	Simply TOOBASED	1469.6315791325137	1646.8471950831697	70.88624638026235	1471.559159286358	True
1622059208.0	TSM FTX	1776.1550052998746	1927.9637050434296	60.723479897422	1778.405614105856	Tempest	1473.7312295107015	1612.7913456164845	55.62404644231318	1476.1955393718774	True
1622027829.0	BOOM Esports	1715.3251418556315	1845.4437576784485	52.04744632912677	1717.955530731046	Galaxy Racer Esports	1452.252861115624	1611.035538462446	63.5130709387288	1454.4101618339232	True
1622024205.0	BOOM Esports	1715.3251418556315	1845.4437576784485	52.04744632912677	1717.955530731046	Galaxy Racer Esports	1452.252861115624	1611.035538462446	63.5130709387288	1454.4101618339232	False
1622019665.0	BOOM Esports	1715.3251418556315	1845.4437576784485	52.04744632912677	1717.955530731046	Lilgun 	1426.5293237193523	1609.300802805695	73.10859163453694	1428.4008336184029	True
1622016029.0	BOOM Esports	1715.3251418556315	1845.4437576784485	52.04744632912677	1717.955530731046	Lilgun 	1426.5293237193523	1609.300802805695	73.10859163453694	1428.4008336184029	True
1621999158.0	Simply TOOBASED	1469.6315791325137	1646.8471950831697	70.88624638026235	1471.559159286358	Infamous U.esports.	1641.1411248704446	1770.476105885149	51.73399240588175	1643.8423446957718	True
1621995433.0	Infamous U.esports.	1641.1411248704446	1770.476105885149	51.73399240588175	1643.8423446957718	Simply TOOBASED	1469.6315791325137	1646.8471950831697	70.88624638026235	1471.559159286358	True
1621991942.0	Hokori	1482.2190617017895	1641.4635755600611	63.69780554330861	1484.366185102933	Infamous U.esports.	1641.1411248704446	1770.476105885149	51.73399240588175	1643.8423446957718	True
1621987663.0	Infamous U.esports.	1641.1411248704446	1770.476105885149	51.73399240588175	1643.8423446957718	Hokori	1482.2190617017895	1641.4635755600611	63.69780554330861	1484.366185102933	False
1621983848.0	Tempest	1473.7312295107015	1612.7913456164845	55.62404644231318	1476.1955393718774	The Cut	1382.7684966474314	1546.6247862953476	65.54251585916649	1384.8527587417032	True
1621980143.0	The Cut	1382.7684966474314	1546.6247862953476	65.54251585916649	1384.8527587417032	Tempest	1473.7312295107015	1612.7913456164845	55.62404644231318	1476.1955393718774	True
1621976037.0	TSM FTX	1776.1550052998746	1927.9637050434296	60.723479897422	1778.405614105856	The Cut	1382.7684966474314	1546.6247862953476	65.54251585916649	1384.8527587417032	True
1621973035.0	The Cut	1382.7684966474314	1546.6247862953476	65.54251585916649	1384.8527587417032	TSM FTX	1776.1550052998746	1927.9637050434296	60.723479897422	1778.405614105856	False
1621943902.0	Lilgun 	1426.5293237193523	1609.300802805695	73.10859163453694	1428.4008336184029	mega Esports	1554.2704636454362	1718.453260883356	65.67311889516795	1556.355835804697	False
1621940505.0	Lilgun 	1426.5293237193523	1609.300802805695	73.10859163453694	1428.4008336184029	mega Esports	1554.2704636454362	1718.453260883356	65.67311889516795	1556.355835804697	False
1621492501.0	LBZS	1632.0634293327469	1781.2240884333696	59.664263640249125	1629.709932553395	Xtreme Gaming	1371.5941490166326	1552.7404941893535	72.45853806908848	1381.2525684920097	True
1621489749.0	Xtreme Gaming	1371.5941490166326	1552.7404941893535	72.45853806908848	1381.2525684920097	LBZS	1632.0634293327469	1781.2240884333696	59.664263640249125	1629.709932553395	True
1621487009.0	LBZS	1632.0634293327469	1781.2240884333696	59.664263640249125	1629.709932553395	Xtreme Gaming	1371.5941490166326	1552.7404941893535	72.45853806908848	1381.2525684920097	True
1621157612.0	LBZS	1629.709932553395	1794.5602183011474	65.940114299101	1631.78710331296	Lilgun 	1439.7299315282369	1624.9215499058546	74.07664735104707	1383.9944137333111	True
1621155164.0	LBZS	1629.709932553395	1794.5602183011474	65.940114299101	1631.78710331296	Lilgun 	1439.7299315282369	1624.9215499058546	74.07664735104707	1383.9944137333111	True
1621152005.0	Lilgun 	1439.7299315282369	1624.9215499058546	74.07664735104707	1383.9944137333111	LBZS	1629.709932553395	1794.5602183011474	65.940114299101	1631.78710331296	True
1621146784.0	Execration	1540.8167729100078	1714.044580667432	69.29112310296965	1542.79456944093	iG.Vitality	1570.039327279993	1732.045242805012	64.80236621000766	1572.173258219367	True
1621142426.0	Execration	1540.8167729100078	1714.044580667432	69.29112310296965	1542.79456944093	iG.Vitality	1570.039327279993	1732.045242805012	64.80236621000766	1572.173258219367	True
1620821322.0	Xtreme Gaming	1381.2525684920097	1571.766271198716	76.20548108268265	1423.5486638700468	iG.Vitality	1570.039327279993	1732.045242805012	64.80236621000766	1572.173258219367	True
1620818349.0	Xtreme Gaming	1381.2525684920097	1571.766271198716	76.20548108268265	1423.5486638700468	iG.Vitality	1570.039327279993	1732.045242805012	64.80236621000766	1572.173258219367	True
1620812797.0	Execration	1540.8167729100078	1714.044580667432	69.29112310296965	1542.79456944093	LBZS	1629.709932553395	1794.5602183011474	65.940114299101	1631.78710331296	True
1620809677.0	LBZS	1629.709932553395	1794.5602183011474	65.940114299101	1631.78710331296	Execration	1540.8167729100078	1714.044580667432	69.29112310296965	1542.79456944093	False
1620806399.0	Execration	1540.8167729100078	1714.044580667432	69.29112310296965	1542.79456944093	LBZS	1629.709932553395	1794.5602183011474	65.940114299101	1631.78710331296	False
1620713009.0	iG.Vitality	1570.039327279993	1732.045242805012	64.80236621000766	1572.173258219367	Lilgun 	1439.7299315282369	1624.9215499058546	74.07664735104707	1383.9944137333111	False
1620709379.0	Lilgun 	1439.7299315282369	1624.9215499058546	74.07664735104707	1383.9944137333111	iG.Vitality	1570.039327279993	1732.045242805012	64.80236621000766	1572.173258219367	True
1620390632.0	LBZS	1631.78710331296	1794.5602183011474	65.10924599527497	1606.7349970996213	iG.Vitality	1572.173258219367	1732.045242805012	63.948793834257934	1574.3360603025155	True
1620387555.0	iG.Vitality	1572.173258219367	1732.045242805012	63.948793834257934	1574.3360603025155	LBZS	1631.78710331296	1794.5602183011474	65.10924599527497	1606.7349970996213	False
1619196796.0	ViKin.gg	1757.0058133359464	1874.798572020168	47.11710347368858	1761.4588632121092	Nemiga Gaming	1403.9491059841837	1586.205172396972	72.90242656511533	1388.208790190552	True
1619193559.0	Nemiga Gaming	1403.9491059841837	1586.205172396972	72.90242656511533	1388.208790190552	ViKin.gg	1757.0058133359464	1874.798572020168	47.11710347368858	1761.4588632121092	False
1661134160.0	Hokori	1600.0899242014632	1725.0033527368832	49.965371414168025	1602.8453982240374	nouns	1698.778760026658	1856.6172929755369	63.135413179551485	1700.9454056637296	True
1661129713.0	Hokori	1600.0899242014632	1725.0033527368832	49.965371414168025	1602.8453982240374	nouns	1698.778760026658	1856.6172929755369	63.135413179551485	1700.9454056637296	True
1661124968.0	Hokori	1600.0899242014632	1725.0033527368832	49.965371414168025	1602.8453982240374	nouns	1698.778760026658	1856.6172929755369	63.135413179551485	1700.9454056637296	True
1661048862.0	Hokori	1602.8453982240374	1725.0033527368832	48.863181805138325	1605.664477792247	Wolf Team	1511.3792558323516	1669.5773706262112	63.27924591754385	1513.5405443371542	True
1661044890.0	Hokori	1602.8453982240374	1725.0033527368832	48.863181805138325	1605.664477792247	Wolf Team	1511.3792558323516	1669.5773706262112	63.27924591754385	1513.5405443371542	True
1661041416.0	Hokori	1602.8453982240374	1725.0033527368832	48.863181805138325	1605.664477792247	Wolf Team	1511.3792558323516	1669.5773706262112	63.27924591754385	1513.5405443371542	False
1660958463.0	Hokori	1602.8453982240374	1725.0033527368832	48.863181805138325	1605.664477792247	DogChamp	1483.220330939502	1620.1725238971585	54.78087718306255	1485.740399342545	True
1660953659.0	DogChamp	1483.220330939502	1620.1725238971585	54.78087718306255	1485.740399342545	Hokori	1602.8453982240374	1725.0033527368832	48.863181805138325	1605.664477792247	False
1660947719.0	Wolf Team	1511.3792558323516	1669.5773706262112	63.27924591754385	1513.5405443371542	The Cut	1364.9292240841537	1506.2888201727094	56.54383843542238	1367.3512544868852	True
1660942961.0	The Cut	1364.9292240841537	1506.2888201727094	56.54383843542238	1367.3512544868852	Wolf Team	1511.3792558323516	1669.5773706262112	63.27924591754385	1513.5405443371542	False
1660868125.0	The Cut	1364.9292240841537	1506.2888201727094	56.54383843542238	1367.3512544868852	Wildcard Gaming	1626.8326152486893	1753.7963735767726	50.78550333123332	1629.529881192722	True
1660863127.0	The Cut	1364.9292240841537	1506.2888201727094	56.54383843542238	1367.3512544868852	Wildcard Gaming	1626.8326152486893	1753.7963735767726	50.78550333123332	1629.529881192722	False
1660858087.0	Wildcard Gaming	1626.8326152486893	1753.7963735767726	50.78550333123332	1629.529881192722	The Cut	1364.9292240841537	1506.2888201727094	56.54383843542238	1367.3512544868852	False
1660790337.0	Wolf Team	1511.3792558323516	1669.5773706262112	63.27924591754385	1513.5405443371542	nouns	1700.9454056637296	1856.6172929755369	62.26875492472279	1703.1426354095868	False
1660786219.0	nouns	1700.9454056637296	1856.6172929755369	62.26875492472279	1703.1426354095868	Wolf Team	1511.3792558323516	1669.5773706262112	63.27924591754385	1513.5405443371542	False
1660781790.0	Wolf Team	1511.3792558323516	1669.5773706262112	63.27924591754385	1513.5405443371542	nouns	1700.9454056637296	1856.6172929755369	62.26875492472279	1703.1426354095868	False
